"uFastC","uSLowC","uNecroC","pFastC","pSlowC","pNecroC","livingMicrobeC","uFastN","uSlowN","uNecroN","pFastN","pSlowN","pNecroN","inorganicN","CO2","livingMicrobeN"
0.59450774,0.40549226,0,0,0,0,1e-04,0.009614776,0.006557891,0,0,0,0,0,0,0
0.778134924,0.221865076,0,0,0,0,1e-04,0.032094337,0.009150871,0,0,0,0,0,0,0
0.076572222,0.923427778,0,0,0,0,1e-04,0.000467377,0.005636362,0,0,0,0,0,0,0
0.552308442,0.447691558,0,0,0,0,1e-04,0.010926368,0.008856723,0,0,0,0,0,0,0
0.293006311,0.706993689,0,0,0,0,1e-04,0.003525265,0.008506098,0,0,0,0,0,0,0
0.291843709,0.708156291,0,0,0,0,1e-04,0.002189021,0.00531164,0,0,0,0,0,0,0
